<?xml version="1.0" encoding="UTF-8"?>
<project-private xmlns="http://www.netbeans.org/ns/project-private/1">
    <editor-bookmarks xmlns="http://www.netbeans.org/ns/editor-bookmarks/2" lastBookmarkId="0"/>
    <open-files xmlns="http://www.netbeans.org/ns/projectui-open-files/2">
        <group>
            <file>file:/C:/Users/smdis/OneDrive/Desktop/3%20LOCATION%20BASED%20CONSUMER%20COMPLAINT/LOCATION%20BASED%20CONSUMER%20COMPLAINT/web/ViewComplaints.jsp</file>
            <file>file:/C:/Users/smdis/OneDrive/Desktop/3%20LOCATION%20BASED%20CONSUMER%20COMPLAINT/LOCATION%20BASED%20CONSUMER%20COMPLAINT/web/ViewLocationComplaints.jsp</file>
        </group>
    </open-files>
</project-private>
